{"cameraMode":{"drawMode":0,"name":"Shaded","section":"Shading Mode"},"sceneLighting":false,"audioPlay":false,"sceneViewState":{"showFog":false,"showMaterialUpdate":false,"showSkybox":false,"showFlares":false,"showImageEffects":false,"showParticleSystems":false},"in2DMode":false,"pivot":{"x":-3.208970785140991,"y":1.3069287538528443,"z":39.26026916503906},"rotation":{"x":0.13841849565505982,"y":-0.3635736405849457,"z":0.05472464859485626,"w":0.9196010231971741},"size":2.2268121242523195,"orthographic":false}