{"cameraMode":{"drawMode":0,"name":"Shaded","section":"Shading Mode"},"sceneLighting":false,"audioPlay":false,"sceneViewState":{"showFog":false,"showMaterialUpdate":false,"showSkybox":false,"showFlares":false,"showImageEffects":false,"showParticleSystems":false},"in2DMode":false,"pivot":{"x":2.313035488128662,"y":0.798133373260498,"z":42.85133361816406},"rotation":{"x":-0.002986728912219405,"y":0.9940900802612305,"z":-0.10476496815681458,"w":-0.02833944745361805},"size":2.461690902709961,"orthographic":false}