{"cameraMode":{"drawMode":0,"name":"Shaded","section":"Shading Mode"},"sceneLighting":false,"audioPlay":false,"sceneViewState":{"showFog":false,"showMaterialUpdate":false,"showSkybox":false,"showFlares":false,"showImageEffects":false,"showParticleSystems":false},"in2DMode":false,"pivot":{"x":2.941237449645996,"y":3.725001096725464,"z":-2.9845199584960939},"rotation":{"x":0.07043909281492233,"y":0.00988321378827095,"z":0.0007065364043228328,"w":-0.9974844455718994},"size":3.661557197570801,"orthographic":false}