{"cameraMode":{"drawMode":0,"name":"Shaded","section":"Shading Mode"},"sceneLighting":false,"audioPlay":false,"sceneViewState":{"showFog":false,"showMaterialUpdate":false,"showSkybox":false,"showFlares":false,"showImageEffects":false,"showParticleSystems":false},"in2DMode":false,"pivot":{"x":11.999999046325684,"y":0.18174207210540772,"z":53.000003814697269},"rotation":{"x":0.035940833389759067,"y":-0.05393898859620094,"z":0.0019399600569158793,"w":0.9979038834571838},"size":0.20561206340789796,"orthographic":false}